book_id,author,publication_year,title,average_rating,ratings_count,image_url
1,Suzanne Collins,2008,"The Hunger Games (The Hunger Games, #1)",4.34,4780653,https://images.gr-assets.com/books/1447303603m/2767052.jpg
2,"J.K. Rowling, Mary GrandPr",1997,"Harry Potter and the Sorcerer's Stone (Harry Potter, #1)",4.44,4602479,https://images.gr-assets.com/books/1474154022m/3.jpg
3,Stephenie Meyer,2005,"Twilight (Twilight, #1)",3.57,3866839,https://images.gr-assets.com/books/1361039443m/41865.jpg
4,Harper Lee,1960,To Kill a Mockingbird,4.25,3198671,https://images.gr-assets.com/books/1361975680m/2657.jpg
5,F. Scott Fitzgerald,1925,The Great Gatsby,3.89,2683664,https://images.gr-assets.com/books/1490528560m/4671.jpg
6,John Green,2012,The Fault in Our Stars,4.26,2346404,https://images.gr-assets.com/books/1360206420m/11870085.jpg
7,J.R.R. Tolkien,1937,The Hobbit,4.25,2071616,https://images.gr-assets.com/books/1372847500m/5907.jpg
8,J.D. Salinger,1951,The Catcher in the Rye,3.79,2044241,https://images.gr-assets.com/books/1398034300m/5107.jpg
9,Jane Austen,1813,Pride and Prejudice,4.24,2035490,https://images.gr-assets.com/books/1320399351m/1885.jpg
10,Dan Brown,2000,"Angels & Demons  (Robert Langdon, #1)",3.85,2001311,https://images.gr-assets.com/books/1303390735m/960.jpg
11,"Anne Frank, Eleanor Roosevelt, B.M. Mooyaart-Doubleday",1947,The Diary of a Young Girl,4.1,1972666,https://images.gr-assets.com/books/1358276407m/48855.jpg
12,"George Orwell, Erich Fromm",1949,1984,4.14,1956832,https://images.gr-assets.com/books/1348990566m/5470.jpg
13,Veronica Roth,2011,"Divergent (Divergent, #1)",4.24,1903563,https://images.gr-assets.com/books/1328559506m/13335037.jpg
14,George Orwell,1945,Animal Farm,3.87,1881700,https://images.gr-assets.com/books/1424037542m/7613.jpg
15,"J.K. Rowling, Mary GrandPr√©, Rufus Beck",1999,"Harry Potter and the Prisoner of Azkaban (Harry Potter, #3)",4.53,1832823,https://images.gr-assets.com/books/1499277281m/5.jpg
16,Suzanne Collins,2009,"Catching Fire (The Hunger Games, #2)",4.3,1831039,https://images.gr-assets.com/books/1358273780m/6148028.jpg
17,Khaled Hosseini,2003,The Kite Runner,4.26,1813044,https://images.gr-assets.com/books/1484565687m/77203.jpg
18,"Stieg Larsson, Reg Keeland",2005,"The Girl with the Dragon Tattoo (Millennium, #1)",4.11,1808403,https://images.gr-assets.com/books/1327868566m/2429135.jpg
19,"J.K. Rowling, Mary GrandPr",1998,"Harry Potter and the Chamber of Secrets (Harry Potter, #2)",4.37,1779331,https://images.gr-assets.com/books/1474169725m/15881.jpg
20,J.R.R. Tolkien,1954,"The Fellowship of the Ring (The Lord of the Rings, #1)",4.34,1766803,https://images.gr-assets.com/books/1298411339m/34.jpg
21,"J.K. Rowling, Mary GrandPr",2000,"Harry Potter and the Goblet of Fire (Harry Potter, #4)",4.53,1753043,https://images.gr-assets.com/books/1361482611m/6.jpg
22,"J.K. Rowling, Mary GrandPr",2007,"Harry Potter and the Deathly Hallows (Harry Potter, #7)",4.61,1746574,https://images.gr-assets.com/books/1474171184m/136251.jpg
23,"J.K. Rowling, Mary GrandPr",2003,"Harry Potter and the Order of the Phoenix (Harry Potter, #5)",4.46,1735368,https://images.gr-assets.com/books/1387141547m/2.jpg
24,Suzanne Collins,2010,"Mockingjay (The Hunger Games, #3)",4.03,1719760,https://images.gr-assets.com/books/1358275419m/7260188.jpg
25,"J.K. Rowling, Mary GrandPr",2005,"Harry Potter and the Half-Blood Prince (Harry Potter, #6)",4.54,1678823,https://images.gr-assets.com/books/1361039191m/1.jpg
26,"William Shakespeare, Robert Jackson",1595,Romeo and Juliet,3.73,1628519,https://images.gr-assets.com/books/1327872146m/18135.jpg
27,Alice Sebold,2002,The Lovely Bones,3.77,1605173,https://images.gr-assets.com/books/1457810586m/12232938.jpg
28,William Golding,1954,Lord of the Flies,3.64,1605019,https://images.gr-assets.com/books/1327869409m/7624.jpg
29,C.S. Lewis,1950,"The Lion, the Witch, and the Wardrobe (Chronicles of Narnia, #1)",4.19,1531800,https://images.gr-assets.com/books/1353029077m/100915.jpg
30,Kathryn Stockett,2009,The Help,4.45,1531753,https://images.gr-assets.com/books/1346100365m/4667024.jpg
31,John Steinbeck,1937,Of Mice and Men,3.84,1467496,https://images.gr-assets.com/books/1437235233m/890.jpg
32,Dan Brown,2003,"The Da Vinci Code (Robert Langdon, #2)",3.79,1447148,https://images.gr-assets.com/books/1303252999m/968.jpg
33,Rick Riordan,2005,"The Lightning Thief (Percy Jackson and the Olympians, #1)",4.23,1366265,https://images.gr-assets.com/books/1400602609m/28187.jpg
34,E.L. James,2011,"Fifty Shades of Grey (Fifty Shades, #1)",3.67,1338493,https://images.gr-assets.com/books/1385207843m/10818853.jpg
35,George R.R. Martin,1996,"A Game of Thrones (A Song of Ice and Fire, #1)",4.45,1319204,https://images.gr-assets.com/books/1436732693m/13496.jpg
36,Arthur Golden,1997,Memoirs of a Geisha,4.08,1300209,https://s.gr-assets.com/assets/nophoto/book/111x148-bcc042a9c91a29c1d680899eff700a03.png
37,"Paulo Coelho, Alan R. Clarke",1988,The Alchemist,3.82,1299566,https://images.gr-assets.com/books/1483412266m/865.jpg
38,Lois Lowry,1993,"The Giver (The Giver, #1)",4.12,1296825,https://images.gr-assets.com/books/1342493368m/3636.jpg
39,Louisa May Alcott,1868,"Little Women (Little Women, #1)",4.04,1257121,https://s.gr-assets.com/assets/nophoto/book/111x148-bcc042a9c91a29c1d680899eff700a03.png
40,"Charlotte Bront√´, Michael Mason",1847,Jane Eyre,4.1,1198557,https://images.gr-assets.com/books/1327867269m/10210.jpg
41,Elizabeth Gilbert,2006,"Eat, Pray, Love",3.51,1181647,https://images.gr-assets.com/books/1503066414m/19501.jpg
42,Markus Zusak,2005,The Book Thief,4.36,1159741,https://images.gr-assets.com/books/1390053681m/19063.jpg
43,Cassandra Clare,2007,"City of Bones (The Mortal Instruments, #1)",4.12,1154031,https://images.gr-assets.com/books/1432730315m/256683.jpg
44,Stephenie Meyer,2006,"New Moon (Twilight, #2)",3.52,1149630,https://images.gr-assets.com/books/1361039440m/49041.jpg
45,Stephenie Meyer,2007,"Eclipse (Twilight, #3)",3.69,1134511,https://images.gr-assets.com/books/1361038355m/428263.jpg
46,Christopher Paolini,2002,"Eragon (The Inheritance Cycle, #1)",3.86,1104021,https://images.gr-assets.com/books/1366212852m/113436.jpg
47,Stephenie Meyer,2008,"Breaking Dawn (Twilight, #4)",3.7,1070245,https://images.gr-assets.com/books/1361039438m/1162543.jpg
48,Sara Gruen,2006,Water for Elephants,4.07,1068146,https://images.gr-assets.com/books/1494428973m/43641.jpg
49,"E.B. White, Garth Williams, Rosemary Wells",1952,Charlotte's Web,4.15,1064521,https://images.gr-assets.com/books/1439632243m/24178.jpg
50,Nicholas Sparks,1996,"The Notebook (The Notebook, #1)",4.06,1053403,https://images.gr-assets.com/books/1385738917m/15931.jpg
51,Aldous Huxley,1932,Brave New World,3.97,1022601,https://images.gr-assets.com/books/1487389574m/5129.jpg
52,Shel Silverstein,1974,Where the Sidewalk Ends,4.29,1016888,https://images.gr-assets.com/books/1168052448m/30119.jpg
53,Paula Hawkins,2015,The Girl on the Train,3.88,1008778,https://images.gr-assets.com/books/1490903702m/22557272.jpg
54,Yann Martel,2001,Life of Pi,3.88,1003228,https://images.gr-assets.com/books/1320562005m/4214.jpg
55,Philip Pullman,1995,"The Golden Compass (His Dark Materials, #1)",3.94,953970,https://images.gr-assets.com/books/1451271747m/119322.jpg
56,"Mark Twain, John Seelye, Guy Cardwell",1884,The Adventures of Huckleberry Finn,3.8,953758,https://images.gr-assets.com/books/1405973850m/2956.jpg
57,Douglas Adams,1979,"The Hitchhiker's Guide to the Galaxy (Hitchhiker's Guide to the Galaxy, #1)",4.2,936782,https://images.gr-assets.com/books/1327656754m/11.jpg
58,Sue Monk Kidd,2001,The Secret Life of Bees,4.01,916189,https://images.gr-assets.com/books/1473454532m/37435.jpg
59,"Emily Bront√´, Richard J. Dunn",1847,Wuthering Heights,3.82,899195,https://s.gr-assets.com/assets/nophoto/book/111x148-bcc042a9c91a29c1d680899eff700a03.png
60,Stephen Chbosky,1999,The Perks of Being a Wallflower,4.21,888806,https://images.gr-assets.com/books/1167352178m/22628.jpg
61,Margaret Mitchell,1936,Gone with the Wind,4.28,873981,https://images.gr-assets.com/books/1328025229m/18405.jpg
62,Mark Haddon,2003,The Curious Incident of the Dog in the Night-Time,3.85,867553,https://images.gr-assets.com/books/1479863624m/1618.jpg
63,Jodi Picoult,2004,My Sister's Keeper,4.06,863879,https://images.gr-assets.com/books/1369504683m/10917.jpg
64,Kurt Vonnegut Jr.,1969,Slaughterhouse-Five,4.06,846488,https://images.gr-assets.com/books/1440319389m/4981.jpg
65,Veronica Roth,2012,"Insurgent (Divergent, #2)",4.07,836362,https://images.gr-assets.com/books/1325667729m/11735983.jpg
66,Khaled Hosseini,2007,A Thousand Splendid Suns,4.34,818742,https://images.gr-assets.com/books/1345958969m/128029.jpg
67,Orson Scott Card,1985,"Ender's Game (Ender's Saga, #1)",4.3,813439,https://images.gr-assets.com/books/1408303130m/375802.jpg
68,"Mary Wollstonecraft Shelley, Percy Bysshe Shelley, Maurice Hindle",1818,Frankenstein,3.75,808589,https://images.gr-assets.com/books/1381512375m/18490.jpg
69,Stephen King,1977,The Shining (The Shining #1),4.17,791850,https://images.gr-assets.com/books/1353277730m/11588.jpg
70,John Green,2005,Looking for Alaska,4.09,783470,https://images.gr-assets.com/books/1394798630m/99561.jpg
71,Stephenie Meyer,2008,"The Host (The Host, #1)",3.84,749780,https://images.gr-assets.com/books/1318009171m/1656001.jpg
72,"Louis Sachar, Louis Sachar",1998,"Holes (Holes, #1)",3.93,747445,https://images.gr-assets.com/books/1327781893m/38709.jpg
73,Audrey Niffenegger,2003,The Time Traveler's Wife,3.95,746287,https://images.gr-assets.com/books/1437728815m/14050.jpg
74,"Jane Austen, Tony Tanner, Ros Ballaster",1811,Sense and Sensibility,4.06,738894,https://images.gr-assets.com/books/1397245675m/14935.jpg
75,"Antoine de Saint-Exup√©ry, Richard Howard, Dom Marcos Barbosa, Melina Karakosta",1946,The Little Prince,4.28,738757,https://images.gr-assets.com/books/1367545443m/157993.jpg
76,Helen Fielding,1996,"Bridget Jones's Diary (Bridget Jones, #1)",3.75,736498,https://images.gr-assets.com/books/1292060045m/227443.jpg
77,James Dashner,2009,"The Maze Runner (Maze Runner, #1)",4.02,719925,https://images.gr-assets.com/books/1375596592m/6186357.jpg
78,Shel Silverstein,1964,The Giving Tree,4.38,702332,https://images.gr-assets.com/books/1174210942m/370493.jpg
79,"Elie Wiesel, Marion Wiesel",1958,Night (The Night Trilogy #1),4.3,691231,https://images.gr-assets.com/books/1473495285m/1617.jpg
80,"Homer, Robert Fagles, E.V. Rieu, Fr√©d√©ric Mugler, Bernard Knox",-720,The Odyssey,3.73,670326,https://images.gr-assets.com/books/1390173285m/1381.jpg
81,Lauren Weisberger,2003,"The Devil Wears Prada (The Devil Wears Prada, #1)",3.7,665930,https://s.gr-assets.com/assets/nophoto/book/111x148-bcc042a9c91a29c1d680899eff700a03.png
82,S.E. Hinton,1967,The Outsiders,4.06,659248,https://images.gr-assets.com/books/1442129426m/231804.jpg
83,Jon Krakauer,1996,Into the Wild,3.94,647684,https://images.gr-assets.com/books/1403173986m/1845.jpg
84,Frances Hodgson Burnett,1911,The Secret Garden,4.12,639357,https://images.gr-assets.com/books/1327873635m/2998.jpg
85,"Charles Dickens, Richard Maxwell, Hablot Knight Browne",1859,A Tale of Two Cities,3.81,637412,https://images.gr-assets.com/books/1344922523m/1953.jpg
86,William Goldman,1973,The Princess Bride ,4.25,628637,https://images.gr-assets.com/books/1327903636m/21787.jpg
87,Jeannette Walls,2005,The Glass Castle,4.24,621099,https://images.gr-assets.com/books/1400930557m/7445.jpg
88,Maurice Sendak,1963,Where the Wild Things Are,4.22,620618,https://images.gr-assets.com/books/1384434560m/19543.jpg
89,"Bram Stoker, Nina Auerbach, David J. Skal",1897,Dracula,3.98,618973,https://images.gr-assets.com/books/1387151694m/17245.jpg
90,Madeleine L'Engle,1962,"A Wrinkle in Time (A Wrinkle in Time Quintet, #1)",4.04,615907,https://images.gr-assets.com/books/1329061522m/18131.jpg
91,Ransom Riggs,2011,"Miss Peregrine‚Äôs Home for Peculiar Children (Miss Peregrine‚Äôs Peculiar Children, #1)",3.89,613674,https://images.gr-assets.com/books/1472782916m/9460487.jpg
92,Margaret Atwood,1985,The Handmaid's Tale,4.06,607889,https://images.gr-assets.com/books/1498057733m/38447.jpg
93,John Grisham,1989,A Time to Kill,4.03,597775,https://s.gr-assets.com/assets/nophoto/book/111x148-bcc042a9c91a29c1d680899eff700a03.png
94,Cassandra Clare,2009,"City of Glass (The Mortal Instruments, #3)",4.34,593173,https://images.gr-assets.com/books/1369452339m/3777732.jpg
95,"Oscar Wilde, Jeffrey Eugenides",1891,The Picture of Dorian Gray,4.06,590014,https://images.gr-assets.com/books/1424596966m/5297.jpg
96,Jojo Moyes,2012,"Me Before You (Me Before You, #1)",4.27,587647,https://images.gr-assets.com/books/1357108762m/15507958.jpg
97,Ray Bradbury,1953,Fahrenheit 451,3.97,570498,https://images.gr-assets.com/books/1351643740m/4381.jpg
98,"Stieg Larsson, Reg Keeland",2006,"The Girl Who Played with Fire (Millennium, #2)",4.22,563994,https://images.gr-assets.com/books/1351778881m/5060378.jpg
99,Joseph Heller,1961,Catch-22,3.98,563265,https://images.gr-assets.com/books/1463157317m/168668.jpg
100,Walter Isaacson,2011,Steve Jobs,4.09,560715,https://images.gr-assets.com/books/1327861368m/11084145.jpg
101,"Mitch Albom, Saulius Dagys",1997,Tuesdays with Morrie,4.06,556518,https://images.gr-assets.com/books/1423763749m/6900.jpg
102,"Alexandre Dumas, Robin Buss",1844,The Count of Monte Cristo,4.21,555822,https://images.gr-assets.com/books/1309203605m/7126.jpg
103,"Mark Twain, Guy Cardwell, John Seelye",1876,The Adventures of Tom Sawyer,3.89,555359,https://images.gr-assets.com/books/1404811979m/24583.jpg
104,E.L. James,2011,"Fifty Shades Darker (Fifty Shades, #2)",3.87,552059,https://images.gr-assets.com/books/1358266080m/11857408.jpg
105,Nicholas Sparks,1999,A Walk to Remember,4.15,546948,https://images.gr-assets.com/books/1385738968m/3473.jpg
106,Barbara Kingsolver,1998,The Poisonwood Bible,4.02,546502,https://images.gr-assets.com/books/1412242487m/7244.jpg
107,Sophie Kinsella,2000,"Confessions of a Shopaholic (Shopaholic, #1)",3.61,543658,https://images.gr-assets.com/books/1327872404m/9416.jpg
108,Cassandra Clare,2008,"City of Ashes (The Mortal Instruments, #2)",4.21,541117,https://images.gr-assets.com/books/1432730356m/1582996.jpg
109,Ann Brashares,2001,"The Sisterhood of the Traveling Pants (Sisterhood, #1)",3.75,525706,https://images.gr-assets.com/books/1461611233m/452306.jpg
110,"Steven D. Levitt, Stephen J. Dubner",2005,"Freakonomics: A Rogue Economist Explores the Hidden Side of Everything (Freakonomics, #1)",3.93,524191,https://images.gr-assets.com/books/1327909092m/1202.jpg
111,George R.R. Martin,1998,"A Clash of Kings  (A Song of Ice and Fire, #2)",4.4,523303,https://images.gr-assets.com/books/1358254974m/10572.jpg
112,Ernest Hemingway,1952,The Old Man and the Sea,3.73,520630,https://images.gr-assets.com/books/1329189714m/2165.jpg
113,"William Shakespeare, Richard Andrews, Rex Gibson",1600,Hamlet,4,515820,https://images.gr-assets.com/books/1351051208m/1420.jpg
114,Diana Gabaldon,1991,"Outlander (Outlander, #1)",4.2,515547,https://images.gr-assets.com/books/1402600310m/10964.jpg
115,Amy Tan,1989,The Joy Luck Club,3.9,515090,https://images.gr-assets.com/books/1304978653m/7763.jpg
116,Rick Riordan,2006,"The Sea of Monsters (Percy Jackson and the Olympians, #2)",4.23,514932,https://images.gr-assets.com/books/1400602661m/28186.jpg
117,Rainbow Rowell,2013,Eleanor & Park,4.11,514312,https://images.gr-assets.com/books/1341952742m/15745753.jpg
118,"Victor Hugo, Lee Fahnestock, Norman MacAfee",1862,Les Mis√©rables,4.14,513407,https://images.gr-assets.com/books/1411852091m/24280.jpg
119,Gillian Flynn,2012,Gone Girl,4.03,512475,https://images.gr-assets.com/books/1339602131m/8442457.jpg
120,Ally Condie,2010,"Matched (Matched, #1)",3.68,511815,https://images.gr-assets.com/books/1367706191m/7735333.jpg
121,Emma Donoghue,2010,Room,4.03,511360,https://images.gr-assets.com/books/1344265419m/7937843.jpg
122,"Nathaniel Hawthorne, Thomas E. Connolly, Nina Baym",1850,The Scarlet Letter,3.37,509883,https://images.gr-assets.com/books/1404810944m/12296.jpg
123,Rick Riordan,2008,"The Battle of the Labyrinth (Percy Jackson and the Olympians, #4)",4.39,508214,https://images.gr-assets.com/books/1443142158m/2120932.jpg
124,"Gregory Maguire, Douglas Smith",1995,"Wicked: The Life and Times of the Wicked Witch of the West (The Wicked Years, #1)",3.52,506900,https://images.gr-assets.com/books/1437733293m/37442.jpg
125,Tina Fey,2011,Bossypants,3.94,506250,https://images.gr-assets.com/books/1481509554m/9418327.jpg
126,Kiera Cass,2012,"The Selection (The Selection, #1)",4.15,505340,https://images.gr-assets.com/books/1322103400m/10507293.jpg
127,Cormac McCarthy,2006,The Road,3.95,504793,https://images.gr-assets.com/books/1439197219m/6288.jpg
128,Gayle Forman,2009,"If I Stay (If I Stay, #1)",3.96,503527,https://images.gr-assets.com/books/1347462970m/4374400.jpg
129,L.M. Montgomery,1908,"Anne of Green Gables (Anne of Green Gables, #1)",4.23,502247,https://s.gr-assets.com/assets/nophoto/book/111x148-bcc042a9c91a29c1d680899eff700a03.png
130,Kim Edwards,2005,The Memory Keeper's Daughter,3.64,501430,https://s.gr-assets.com/assets/nophoto/book/111x148-bcc042a9c91a29c1d680899eff700a03.png
131,William Shakespeare,1606,Macbeth,3.88,496018,https://images.gr-assets.com/books/1459795224m/8852.jpg
132,David Sedaris,2000,Me Talk Pretty One Day,3.97,495736,https://s.gr-assets.com/assets/nophoto/book/111x148-bcc042a9c91a29c1d680899eff700a03.png
133,Ken Kesey,1962,One Flew Over the Cuckoo's Nest,4.18,491642,https://images.gr-assets.com/books/1485308778m/332613.jpg
134,Cassandra Clare,2010,"Clockwork Angel (The Infernal Devices, #1)",4.33,490890,https://images.gr-assets.com/books/1454962884m/7171637.jpg
135,"Gabriel Garc√≠a M√°rquez, Gregory Rabassa",1967,One Hundred Years of Solitude,4.04,490565,https://images.gr-assets.com/books/1327881361m/320.jpg
136,Malcolm Gladwell,2000,The Tipping Point: How Little Things Can Make a Big Difference,3.92,490504,https://images.gr-assets.com/books/1473396980m/2612.jpg
137,John Grisham,1991,"The Firm (Penguin Readers, Level 5)",3.99,488269,https://images.gr-assets.com/books/1418465200m/5358.jpg
138,Jeffrey Eugenides,2002,Middlesex,3.98,488243,https://images.gr-assets.com/books/1437029776m/2187.jpg
139,Laura Hillenbrand,2010,"Unbroken: A World War II Story of Survival, Resilience, and Redemption",4.4,487775,https://images.gr-assets.com/books/1327861115m/8664353.jpg
140,Frank Herbert,1965,Dune (Dune Chronicles #1),4.19,485032,https://images.gr-assets.com/books/1434908555m/234225.jpg
141,J.R.R. Tolkien,1954,"The Two Towers (The Lord of the Rings, #2)",4.42,480446,https://images.gr-assets.com/books/1298415523m/15241.jpg
142,Anthony Doerr,2014,All the Light We Cannot See,4.31,470001,https://images.gr-assets.com/books/1451445646m/18143977.jpg
143,"Vladimir Nabokov, Craig Raine",1955,Lolita,3.88,469836,https://images.gr-assets.com/books/1377756377m/7604.jpg
144,George R.R. Martin,2000,"A Storm of Swords (A Song of Ice and Fire, #3)",4.54,469022,https://images.gr-assets.com/books/1497931121m/62291.jpg
145,Tracy Chevalier,1999,Girl with a Pearl Earring,3.85,467577,https://images.gr-assets.com/books/1327197580m/2865.jpg
146,Rebecca Wells,1996,Divine Secrets of the Ya-Ya Sisterhood,3.79,465676,https://images.gr-assets.com/books/1408313524m/137791.jpg
147,J.R.R. Tolkien,1955,"The Return of the King (The Lord of the Rings, #3)",4.51,463959,https://images.gr-assets.com/books/1389977161m/18512.jpg
148,Jay Asher,2007,Thirteen Reasons Why,4.02,463783,https://images.gr-assets.com/books/1333822506m/1217100.jpg
149,Veronica Roth,2013,"Allegiant (Divergent, #3)",3.63,463257,https://images.gr-assets.com/books/1395582745m/18710190.jpg
150,Ken Follett,1989,"The Pillars of the Earth (The Kingsbridge Series, #1)",4.29,462517,https://s.gr-assets.com/assets/nophoto/book/111x148-bcc042a9c91a29c1d680899eff700a03.png
151,John Green,2008,Paper Towns,3.88,461311,https://images.gr-assets.com/books/1349013610m/6442769.jpg
152,"Jane Austen, Fiona Stafford",1815,Emma,3.99,459826,https://images.gr-assets.com/books/1373627931m/6969.jpg
153,Charles Dickens,1860,Great Expectations,3.75,459247,https://images.gr-assets.com/books/1327920219m/2623.jpg
154,"Dr. Seuss, ◊ú◊ê◊ ◊◊ê◊ï◊®",1960,Green Eggs and Ham,4.29,457475,https://images.gr-assets.com/books/1468680100m/23772.jpg
155,Dan Brown,2001,Deception Point,3.67,455610,https://s.gr-assets.com/assets/nophoto/book/111x148-bcc042a9c91a29c1d680899eff700a03.png
156,"Roald Dahl, Quentin Blake",1964,"Charlie and the Chocolate Factory (Charlie Bucket, #1)",4.1,453959,https://images.gr-assets.com/books/1309211401m/6310.jpg
157,Mitch Albom,2003,The Five People You Meet in Heaven,3.9,449501,https://s.gr-assets.com/assets/nophoto/book/111x148-bcc042a9c91a29c1d680899eff700a03.png
158,Scott Westerfeld,2005,"Uglies (Uglies, #1)",3.86,449073,https://images.gr-assets.com/books/1443904172m/24770.jpg
159,Becca Fitzpatrick,2009,"Hush, Hush (Hush, Hush, #1)",4,448166,https://images.gr-assets.com/books/1358261334m/6339664.jpg
160,Michael Crichton,1990,"Jurassic Park (Jurassic Park, #1)",3.96,447833,https://s.gr-assets.com/assets/nophoto/book/111x148-bcc042a9c91a29c1d680899eff700a03.png
161,Rick Riordan,2007,"The Titan's Curse (Percy Jackson and the Olympians, #3)",4.33,446668,https://images.gr-assets.com/books/1361038385m/561456.jpg
162,"Stieg Larsson, Reg Keeland",2007,"The Girl Who Kicked the Hornet's Nest (Millennium, #3)",4.2,443951,https://images.gr-assets.com/books/1327708260m/6892870.jpg
163,Nicholas Sparks,2006,Dear John,4.01,441062,https://images.gr-assets.com/books/1397749854m/5526.jpg
164,"Roald Dahl, Quentin Blake",1988,Matilda,4.29,440743,https://s.gr-assets.com/assets/nophoto/book/111x148-bcc042a9c91a29c1d680899eff700a03.png
165,"Stephen King, Bernie Wrightson",1978,The Stand,4.34,438832,https://images.gr-assets.com/books/1213131305m/149267.jpg
166,"Kami Garcia, Margaret Stohl",2009,"Beautiful Creatures (Caster Chronicles, #1)",3.76,436093,https://images.gr-assets.com/books/1327873282m/6304335.jpg
167,Anthony Burgess,1962,A Clockwork Orange,3.98,431195,https://images.gr-assets.com/books/1348339306m/227463.jpg
168,Erin Morgenstern,2011,The Night Circus,4.03,429543,https://images.gr-assets.com/books/1387124618m/9361589.jpg
169,George R.R. Martin,2005,"A Feast for Crows (A Song of Ice and Fire, #4)",4.1,428186,https://images.gr-assets.com/books/1429538615m/13497.jpg
170,Marissa Meyer,2012,"Cinder (The Lunar Chronicles, #1)",4.15,427663,https://images.gr-assets.com/books/1470056948m/11235712.jpg
171,Anita Diamant,1997,The Red Tent,4.16,424981,https://s.gr-assets.com/assets/nophoto/book/111x148-bcc042a9c91a29c1d680899eff700a03.png
172,Nicholas Sparks,2008,The Last Song,4.14,424637,https://images.gr-assets.com/books/1286549186m/6400090.jpg
173,Andy Weir,2012,The Martian,4.39,423344,https://images.gr-assets.com/books/1413706054m/18007564.jpg
174,Dan Brown,1998,Digital Fortress,3.6,423019,https://images.gr-assets.com/books/1360095966m/11125.jpg
175,Charlaine Harris,2001,"Dead Until Dark (Sookie Stackhouse, #1)",3.96,420764,https://images.gr-assets.com/books/1468560853m/301082.jpg
176,"Albert Camus, Matthew    Ward",1942,The Stranger,3.96,420600,https://images.gr-assets.com/books/1349927872m/49552.jpg
177,William Paul Young,2007,The Shack,3.74,419539,https://images.gr-assets.com/books/1344270232m/1812457.jpg
178,Jamie McGuire,2011,"Beautiful Disaster (Beautiful, #1)",4.15,418309,https://images.gr-assets.com/books/1358259032m/11505797.jpg
179,Agatha Christie,1939,And Then There Were None,4.23,408983,https://images.gr-assets.com/books/1391120695m/16299.jpg
180,Emily Giffin,2004,"Something Borrowed (Darcy & Rachel, #1)",3.83,403601,https://images.gr-assets.com/books/1305063535m/42156.jpg
181,Sylvia Plath,1963,The Bell Jar,3.98,401605,https://images.gr-assets.com/books/1473890514m/6514.jpg
182,Patrick Rothfuss,2007,"The Name of the Wind (The Kingkiller Chronicle, #1)",4.55,400101,https://images.gr-assets.com/books/1472068073m/186074.jpg
183,"Alan Moore, Dave Gibbons, John Higgins",1987,Watchmen,4.35,398018,https://images.gr-assets.com/books/1442239711m/472331.jpg
184,Rick Riordan,2009,"The Last Olympian (Percy Jackson and the Olympians, #5)",4.5,397500,https://images.gr-assets.com/books/1327924597m/4502507.jpg
185,Donna Tartt,2013,The Goldfinch,3.87,396756,https://images.gr-assets.com/books/1451554970m/17333223.jpg
186,Lauren Kate,2009,"Fallen (Fallen, #1)",3.74,395296,https://images.gr-assets.com/books/1440619649m/6487308.jpg
187,Charles Dickens,1843,A Christmas Carol,4.02,394540,https://images.gr-assets.com/books/1406512317m/5326.jpg
188,"Mary Ann Shaffer, Annie Barrows",2008,The Guernsey Literary and Potato Peel Pie Society,4.12,393626,https://images.gr-assets.com/books/1351979318m/2728527.jpg
189,Frank McCourt,1996,"Angela's Ashes (Frank McCourt, #1)",4.07,392103,https://s.gr-assets.com/assets/nophoto/book/111x148-bcc042a9c91a29c1d680899eff700a03.png
190,Janet Evanovich,1994,"One for the Money (Stephanie Plum, #1)",4.03,391007,https://images.gr-assets.com/books/1316730230m/6853.jpg
191,J.R.R. Tolkien,1955,"The Lord of the Rings (The Lord of the Rings, #1-3)",4.47,389054,https://images.gr-assets.com/books/1411114164m/33.jpg
192,E.L. James,2012,"Fifty Shades Freed (Fifty Shades, #3)",3.88,387290,https://images.gr-assets.com/books/1336418837m/13536860.jpg
193,Eoin Colfer,2001,"Artemis Fowl (Artemis Fowl, #1)",3.82,386923,https://images.gr-assets.com/books/1327945104m/249747.jpg
194,Truman Capote,1965,In Cold Blood,4.05,381652,https://images.gr-assets.com/books/1424931136m/168642.jpg
195,Philippa Gregory,2001,"The Other Boleyn Girl (The Plantagenet and Tudor Novels, #9)",4.04,381080,https://images.gr-assets.com/books/1355932638m/37470.jpg
196,"Fyodor Dostoyevsky, David McDuff",1866,Crime and Punishment,4.18,380903,https://images.gr-assets.com/books/1382846449m/7144.jpg
197,Cheryl Strayed,2012,Wild: From Lost to Found on the Pacific Crest Trail,3.96,379872,https://images.gr-assets.com/books/1453189881m/12262741.jpg
198,Neil Gaiman,2001,"American Gods (American Gods, #1)",4.11,378019,https://images.gr-assets.com/books/1258417001m/4407.jpg
199,Rebecca Skloot,2010,The Immortal Life of Henrietta Lacks,4.04,377249,https://images.gr-assets.com/books/1327878144m/6493208.jpg
200,Alice Walker,1982,The Color Purple,4.17,376766,https://s.gr-assets.com/assets/nophoto/book/111x148-bcc042a9c91a29c1d680899eff700a03.png
201,"C.S. Lewis, Pauline Baynes",1956,"The Chronicles of Narnia (Chronicles of Narnia, #1-7)",4.24,376385,https://images.gr-assets.com/books/1449868701m/11127.jpg
202,Anne Rice,1976,"Interview with the Vampire (The Vampire Chronicles, #1)",3.97,372566,https://images.gr-assets.com/books/1380631642m/43763.jpg
203,"Hermann Hesse, Hilda Rosner",1922,Siddhartha,3.99,372099,https://images.gr-assets.com/books/1428715580m/52036.jpg
204,Dan Brown,2009,"The Lost Symbol (Robert Langdon, #3)",3.66,369428,https://images.gr-assets.com/books/1358274396m/6411961.jpg
205,John Grogan,2005,Marley and Me: Life and Love With the World's Worst Dog,4.12,367304,https://images.gr-assets.com/books/1308858322m/12691.jpg
206,George R.R. Martin,2011,"A Dance with Dragons (A Song of Ice and Fire, #5)",4.31,365954,https://images.gr-assets.com/books/1327885335m/10664113.jpg
207,"Jane Austen, James Kinsley, Deidre Shauna Lynch",1817,Persuasion,4.13,365425,https://s.gr-assets.com/assets/nophoto/book/111x148-bcc042a9c91a29c1d680899eff700a03.png
208,Chuck Palahniuk,1996,Fight Club,4.2,365349,https://images.gr-assets.com/books/1357128997m/5759.jpg
209,"Franz Kafka, Stanley Corngold",1915,The Metamorphosis,3.78,364933,https://images.gr-assets.com/books/1359061917m/485894.jpg
210,Laurie Halse Anderson,1999,Speak,4,360156,https://images.gr-assets.com/books/1310121762m/439288.jpg
211,"P.C. Cast, Kristin Cast",2007,"Marked (House of Night, #1)",3.79,360044,https://images.gr-assets.com/books/1317067002m/30183.jpg
212,"Herman Melville, Andrew Delbanco, Tom Quirk",1851,"Moby-Dick or, The Whale",3.46,358050,https://images.gr-assets.com/books/1327940656m/153747.jpg
213,Stephen King,1974,Carrie,3.93,356814,https://s.gr-assets.com/assets/nophoto/book/111x148-bcc042a9c91a29c1d680899eff700a03.png
214,Maggie Stiefvater,2009,"Shiver (The Wolves of Mercy Falls, #1)",3.78,356625,https://images.gr-assets.com/books/1409283154m/6068551.jpg
215,Malcolm Gladwell,2008,Outliers: The Story of Success,4.11,353011,https://images.gr-assets.com/books/1344266315m/3228917.jpg
216,Thomas Harris,1988,"The Silence of the Lambs  (Hannibal Lecter, #2)",4.14,351107,https://images.gr-assets.com/books/1390426249m/23807.jpg
217,Ernest Cline,2011,Ready Player One,4.31,349423,https://images.gr-assets.com/books/1500930947m/9969571.jpg
218,Malcolm Gladwell,2005,Blink: The Power of Thinking Without Thinking,3.89,348196,https://s.gr-assets.com/assets/nophoto/book/111x148-bcc042a9c91a29c1d680899eff700a03.png
219,Ian McEwan,2001,Atonement,3.88,347006,https://images.gr-assets.com/books/1320449708m/6867.jpg
220,"Jane Carruth, Lewis Carroll, Rene Cloke",1865,Alice in Wonderland,4.03,343252,https://s.gr-assets.com/assets/nophoto/book/111x148-bcc042a9c91a29c1d680899eff700a03.png
221,Cassandra Clare,2011,"City of Fallen Angels (The Mortal Instruments, #4)",4.16,341826,https://images.gr-assets.com/books/1369452302m/6752378.jpg
222,"Lewis Carroll, John Tenniel, Martin Gardner",1865,Alice's Adventures in Wonderland & Through the Looking-Glass,4.06,340920,https://images.gr-assets.com/books/1327872220m/24213.jpg
223,Rainbow Rowell,2013,Fangirl,4.12,340379,https://images.gr-assets.com/books/1499565420m/16068905.jpg
224,Gail Carson Levine,1997,Ella Enchanted,3.97,339117,https://images.gr-assets.com/books/1410727190m/24337.jpg
225,Katherine Paterson,1977,Bridge to Terabithia,3.98,337644,https://images.gr-assets.com/books/1327880087m/2839.jpg
226,Stephen King,1987,Misery,4.11,334647,https://images.gr-assets.com/books/1270545451m/10614.jpg
227,"William Shakespeare, Barbara A. Mowat, Paul Werstine, Catherine Belsey",1595,A Midsummer Night's Dream,3.94,334241,https://images.gr-assets.com/books/1327874534m/1622.jpg
228,Lois Lowry,1989,Number the Stars,4.11,333638,https://images.gr-assets.com/books/1370917812m/47281.jpg
229,Gillian Flynn,2009,Dark Places,3.92,333452,https://images.gr-assets.com/books/1354988288m/5886881.jpg
230,Stephen King,1982,"The Gunslinger (The Dark Tower, #1)",3.99,332494,https://images.gr-assets.com/books/1375776480m/43615.jpg
231,Garth Stein,2006,The Art of Racing in the Rain,4.19,327409,https://images.gr-assets.com/books/1377206302m/3153910.jpg
232,Robert Ludlum,1980,"The Bourne Identity (Jason Bourne, #1)",3.98,327122,https://images.gr-assets.com/books/1335860740m/7869.jpg
233,"Emma McLaughlin, Nicola Kraus",2002,"The Nanny Diaries (Nanny, #1)",3.4,323762,https://s.gr-assets.com/assets/nophoto/book/111x148-bcc042a9c91a29c1d680899eff700a03.png
234,John Steinbeck,1939,The Grapes of Wrath,3.92,322321,https://images.gr-assets.com/books/1352912927m/4395.jpg
235,John Steinbeck,1952,East of Eden,4.35,320919,https://images.gr-assets.com/books/1441547516m/4406.jpg
236,John Grisham,1993,The Client,3.97,320083,https://s.gr-assets.com/assets/nophoto/book/111x148-bcc042a9c91a29c1d680899eff700a03.png
237,Neil Gaiman,2002,Coraline,4.03,316379,https://images.gr-assets.com/books/1493497435m/17061.jpg
238,Stephen R. Covey,1989,The 7 Habits of Highly Effective People: Powerful Lessons in Personal Change,4.05,314700,https://images.gr-assets.com/books/1421842784m/36072.jpg
239,Dr. Seuss,1957,The Cat in the Hat,4.15,314016,https://images.gr-assets.com/books/1468890477m/233093.jpg
240,Daniel Keyes,1966,Flowers for Algernon,4.07,313044,https://images.gr-assets.com/books/1367141311m/18373.jpg
241,Max Brooks,2006,World War Z: An Oral History of the Zombie War,4.01,312969,https://images.gr-assets.com/books/1386328204m/8908.jpg
242,John Green,2006,An Abundance of Katherines,3.63,312754,https://images.gr-assets.com/books/1360206426m/49750.jpg
243,Tatiana de Rosnay,2007,Sarah's Key,4.14,312444,https://s.gr-assets.com/assets/nophoto/book/111x148-bcc042a9c91a29c1d680899eff700a03.png
244,Dave Pelzer,1995,"A Child Called ""It"" (Dave Pelzer #1)",4.08,311543,https://s.gr-assets.com/assets/nophoto/book/111x148-bcc042a9c91a29c1d680899eff700a03.png
245,James Patterson,1993,"Along Came a Spider (Alex Cross, #1)",4.08,311499,https://s.gr-assets.com/assets/nophoto/book/111x148-bcc042a9c91a29c1d680899eff700a03.png
246,"Erik Larson, Tony Goldwyn",2003,"The Devil in the White City: Murder, Magic, and Madness at the Fair That Changed America",3.98,309385,https://images.gr-assets.com/books/1312066724m/21996.jpg
247,Cassandra Clare,2011,"Clockwork Prince (The Infernal Devices, #2)",4.46,307994,https://images.gr-assets.com/books/1460477747m/10025305.jpg
248,"C.S. Lewis, Pauline Baynes",1951,"The Voyage of the Dawn Treader (Chronicles of Narnia, #3)",4.08,306492,https://images.gr-assets.com/books/1343185059m/140225.jpg
249,Liane Moriarty,2014,Big Little Lies,4.2,306186,https://images.gr-assets.com/books/1492239430m/19486412.jpg
250,James Dashner,2010,"The Scorch Trials (Maze Runner, #2)",3.93,305643,https://s.gr-assets.com/assets/nophoto/book/111x148-bcc042a9c91a29c1d680899eff700a03.png
251,"Neil Gaiman, Dave McKean",2008,The Graveyard Book,4.12,302303,https://images.gr-assets.com/books/1303859949m/2213661.jpg
252,Cassandra Clare,2012,"City of Lost Souls (The Mortal Instruments, #5)",4.3,300553,https://images.gr-assets.com/books/1460477703m/8755776.jpg
253,Marie Lu,2011,"Legend (Legend, #1)",4.19,299998,https://images.gr-assets.com/books/1501368160m/9275658.jpg
254,Rick Riordan,2011,"The Son of Neptune (The Heroes of Olympus, #2)",4.44,299980,https://images.gr-assets.com/books/1464201114m/9520360.jpg
255,"Terry Pratchett, Neil Gaiman",1990,"Good Omens: The Nice and Accurate Prophecies of Agnes Nutter, Witch",4.25,298304,https://images.gr-assets.com/books/1392528568m/12067.jpg
256,Shel Silverstein,1981,A Light in the Attic,4.34,297861,https://images.gr-assets.com/books/1427169918m/30118.jpg
257,"Robert Galbraith, J.K. Rowling",2013,"The Cuckoo's Calling (Cormoran Strike, #1)",3.83,297712,https://images.gr-assets.com/books/1358716559m/16160797.jpg
258,"Leo Tolstoy, Louise Maude, Leo Tolstoj, Aylmer Maude",1877,Anna Karenina,4.02,297472,https://images.gr-assets.com/books/1352422904m/15823480.jpg
259,Eric Carle,1969,The Very Hungry Caterpillar Board Book,4.29,296952,https://images.gr-assets.com/books/1327878225m/4948.jpg
260,Jonathan Safran Foer,2005,Extremely Loud and Incredibly Close,3.97,294726,https://images.gr-assets.com/books/1327879967m/4588.jpg
261,Kazuo Ishiguro,2005,Never Let Me Go,3.8,294123,https://images.gr-assets.com/books/1353048590m/6334.jpg
262,Augusten Burroughs,2002,Running with Scissors,3.7,293878,https://s.gr-assets.com/assets/nophoto/book/111x148-bcc042a9c91a29c1d680899eff700a03.png
263,Neil Gaiman,2013,The Ocean at the End of the Lane,3.99,293844,https://images.gr-assets.com/books/1497098563m/15783514.jpg
264,Stephen King,1986,It,4.18,292592,https://images.gr-assets.com/books/1309376909m/18342.jpg
265,Richard Adams,1972,"Watership Down (Watership Down, #1)",4.05,292426,https://images.gr-assets.com/books/1405136931m/76620.jpg
266,Betty  Smith,1943,A Tree Grows in Brooklyn,4.24,291909,https://images.gr-assets.com/books/1327883484m/14891.jpg
267,Mark Cotta Vaz,,Twilight: The Complete Illustrated Movie Companion,4.23,291411,https://images.gr-assets.com/books/1352539022m/3609760.jpg
268,Jon Krakauer,1997,Into Thin Air: A Personal Account of the Mount Everest Disaster,4.11,291258,https://images.gr-assets.com/books/1463384482m/1898.jpg
269,Mindy Kaling,2011,Is Everyone Hanging Out Without Me? (And Other Concerns),3.84,290674,https://images.gr-assets.com/books/1443264638m/10335308.jpg
270,John Grisham,1992,The Pelican Brief,3.95,288376,https://s.gr-assets.com/assets/nophoto/book/111x148-bcc042a9c91a29c1d680899eff700a03.png
271,Dan Brown,2013,"Inferno (Robert Langdon, #4)",3.8,287533,https://images.gr-assets.com/books/1397093185m/17212231.jpg
272,John Boyne,2006,The Boy in the Striped Pajamas,4.1,285692,https://images.gr-assets.com/books/1366228171m/39999.jpg
273,"Cornelia Funke, Anthea Bell",2003,"Inkheart (Inkworld, #1)",3.86,285011,https://images.gr-assets.com/books/1328866790m/28194.jpg
274,Ernest Hemingway,1926,The Sun Also Rises,3.83,284988,https://images.gr-assets.com/books/1331828228m/3876.jpg
275,J.K. Rowling,2007,The Tales of Beedle the Bard,4.06,284833,https://images.gr-assets.com/books/1373467575m/3950967.jpg
276,"Gabriel Garc√≠a M√°rquez, Edith Grossman",1985,Love in the Time of Cholera,3.89,283806,https://images.gr-assets.com/books/1327124987m/9712.jpg
277,"Greg Mortenson, David Oliver Relin",2006,Three Cups of Tea: One Man's Mission to Promote Peace ... One School at a Time,3.64,283516,https://images.gr-assets.com/books/1395407074m/49436.jpg
278,"Ayn Rand, Leonard Peikoff",1957,Atlas Shrugged,3.68,283295,https://images.gr-assets.com/books/1405868167m/662.jpg
279,Dale Carnegie,1936,How to Win Friends and Influence People,4.13,282623,https://images.gr-assets.com/books/1442726934m/4865.jpg
280,Kristin Cashore,2008,"Graceling (Graceling Realm, #1)",4.1,281185,https://images.gr-assets.com/books/1331548394m/3236307.jpg
281,Lisa See,2005,Snow Flower and the Secret Fan,4.05,280475,https://images.gr-assets.com/books/1327880508m/1103.jpg
282,Isaac Asimov,1951,Foundation (Foundation #1),4.13,279688,https://images.gr-assets.com/books/1417900846m/29579.jpg
283,Frances Mayes,1996,Under the Tuscan Sun,3.72,279264,https://images.gr-assets.com/books/1320524083m/480479.jpg
284,Sophie Kinsella,2003,Can You Keep a Secret?,3.83,278747,https://images.gr-assets.com/books/1330464293m/33724.jpg
285,Rick Riordan,2012,"The Mark of Athena (The Heroes of Olympus, #3)",4.47,277491,https://images.gr-assets.com/books/1464201354m/12127750.jpg
286,"H.G. Wells, Greg Bear, Carlo Pagetti",1895,The Time Machine,3.87,276076,https://images.gr-assets.com/books/1327942880m/2493.jpg
287,"Lemony Snicket, Brett Helquist",1999,"The Bad Beginning (A Series of Unfortunate Events, #1)",3.89,275670,https://images.gr-assets.com/books/1490085391m/78411.jpg
288,Sarah J. Maas,2012,"Throne of Glass (Throne of Glass, #1)",4.24,274987,https://images.gr-assets.com/books/1495278054m/7896527.jpg
289,James Patterson,1995,"Kiss the Girls (Alex Cross, #2)",3.93,274639,https://s.gr-assets.com/assets/nophoto/book/111x148-bcc042a9c91a29c1d680899eff700a03.png
290,E. Lockhart,2014,We Were Liars,3.85,273442,https://images.gr-assets.com/books/1402749479m/16143347.jpg
291,Rick Riordan,2010,"The Lost Hero (The Heroes of Olympus, #1)",4.35,271576,https://images.gr-assets.com/books/1464201003m/7736182.jpg
292,Maya Angelou,1969,I Know Why the Caged Bird Sings,4.19,270859,https://images.gr-assets.com/books/1327957927m/13214.jpg
293,"John Tiffany, Jack Thorne, J.K. Rowling",2016,"Harry Potter and the Cursed Child - Parts One and Two (Harry Potter, #8)",3.75,270603,https://images.gr-assets.com/books/1470082995m/29056083.jpg
294,"Roald Dahl, Quentin Blake",1961,James and the Giant Peach,3.99,270402,https://images.gr-assets.com/books/1320412586m/6689.jpg
295,Tom Clancy,1984,"The Hunt for Red October (Jack Ryan Universe, #4)",4.01,270318,https://images.gr-assets.com/books/1281995542m/19691.jpg
296,Wilson Rawls,1961,Where the Red Fern Grows,4.04,268548,https://images.gr-assets.com/books/1166154337m/10365.jpg
297,C.S. Lewis,1953,"The Magician's Nephew (Chronicles of Narnia, #6)",4.01,268355,https://images.gr-assets.com/books/1308814770m/65605.jpg
298,Neil Gaiman,1996,Neverwhere,4.18,268318,https://images.gr-assets.com/books/1348747943m/14497.jpg
299,Robert Louis Stevenson,1882,Treasure Island,3.82,268012,https://images.gr-assets.com/books/1485248909m/295.jpg
300,Nicholas Sparks,2008,The Lucky One,4.1,267166,https://images.gr-assets.com/books/1420816338m/3063499.jpg
301,Richelle Mead,2008,"Shadow Kiss (Vampire Academy, #3)",4.37,266742,https://images.gr-assets.com/books/1361099049m/2802316.jpg
302,"Carlos Ruiz Zaf√≥n, Lucia Graves",2001,"The Shadow of the Wind (The Cemetery of Forgotten Books,  #1)",4.24,263685,https://images.gr-assets.com/books/1344545047m/1232.jpg
303,"Laura Esquivel, Thomas  Christensen, Carol Christensen",1989,Like Water for Chocolate,3.94,263199,https://s.gr-assets.com/assets/nophoto/book/111x148-bcc042a9c91a29c1d680899eff700a03.png
304,Cecelia Ahern,2003,P.S. I Love You,4.01,262921,https://s.gr-assets.com/assets/nophoto/book/111x148-bcc042a9c91a29c1d680899eff700a03.png
305,Robert Jordan,1990,"The Eye of the World (Wheel of Time, #1)",4.18,260184,https://images.gr-assets.com/books/1337818095m/228665.jpg
306,Rick Yancey,2013,"The 5th Wave (The 5th Wave, #1)",4.1,260048,https://images.gr-assets.com/books/1359853842m/16101128.jpg
307,Wally Lamb,1992,She's Come Undone,3.84,259576,https://images.gr-assets.com/books/1408313457m/5203.jpg
308,Stephanie Perkins,2010,"Anna and the French Kiss (Anna and the French Kiss, #1)",4.08,259479,https://images.gr-assets.com/books/1358271931m/6936382.jpg
309,Stephen King,2011,11/22/63,4.29,258464,https://images.gr-assets.com/books/1327876792m/10644930.jpg
310,Abraham Verghese,2009,Cutting for Stone,4.28,258319,https://images.gr-assets.com/books/1327931601m/3591262.jpg
311,Dr. Seuss,1990,"Oh, The Places You'll Go!",4.34,257260,https://images.gr-assets.com/books/1421708635m/191139.jpg
312,Lauren Oliver,2011,"Delirium (Delirium, #1)",3.99,256975,https://images.gr-assets.com/books/1327890411m/11614718.jpg
313,Richelle Mead,2008,"Frostbite (Vampire Academy, #2)",4.3,256745,https://images.gr-assets.com/books/1361098960m/2282133.jpg
314,"Mario Puzo, Robert Thompson, Peter Bart",1969,The Godfather,4.36,256480,https://images.gr-assets.com/books/1394988109m/22034.jpg
315,Stephen King,1983,Pet Sematary,3.91,256383,https://images.gr-assets.com/books/1308894674m/10583.jpg
316,Colleen McCullough,1977,The Thorn Birds,4.22,255651,https://images.gr-assets.com/books/1391416796m/3412.jpg
317,Joseph Conrad,1899,Heart of Darkness,3.42,255576,https://images.gr-assets.com/books/1392799983m/4900.jpg
318,Nicholas Sparks,2010,Safe Haven,4.19,255531,https://images.gr-assets.com/books/1344268800m/7812659.jpg
319,Jeff Kinney,2004,"Diary of a Wimpy Kid (Diary of a Wimpy Kid, #1)",3.96,254852,https://s.gr-assets.com/assets/nophoto/book/111x148-bcc042a9c91a29c1d680899eff700a03.png
320,Kristin Hannah,2015,The Nightingale,4.54,253606,https://images.gr-assets.com/books/1451446316m/21853621.jpg
321,Pittacus Lore,2010,"I Am Number Four (Lorien Legacies, #1)",3.94,253437,https://images.gr-assets.com/books/1305807140m/7747374.jpg
322,Sylvia Day,2012,"Reflected in You (Crossfire, #2)",4.33,252564,https://images.gr-assets.com/books/1477802540m/13596809.jpg
323,Graeme Simsion,2013,"The Rosie Project (Don Tillman, #1)",4.01,251703,https://images.gr-assets.com/books/1371651741m/16181775.jpg
324,Amy Poehler,2014,Yes Please,3.81,251082,https://images.gr-assets.com/books/1402815435m/20910157.jpg
325,Dr. Seuss,1957,How the Grinch Stole Christmas!,4.36,250602,https://images.gr-assets.com/books/1327958149m/113946.jpg
326,C.S. Lewis,1951,"Prince Caspian (Chronicles of Narnia, #2)",3.96,250221,https://images.gr-assets.com/books/1308814880m/121749.jpg
327,Bill Bryson,1997,A Walk in the Woods,4.05,250192,https://s.gr-assets.com/assets/nophoto/book/111x148-bcc042a9c91a29c1d680899eff700a03.png
328,Christopher Paolini,2005,"Eldest (The Inheritance Cycle, #2)",3.96,250000,https://images.gr-assets.com/books/1387119654m/45978.jpg
329,"Erich Maria Remarque, A.W. Wheen",1929,All Quiet on the Western Front,3.92,249113,https://images.gr-assets.com/books/1441227765m/355697.jpg
330,Jennifer Weiner,2001,"Good in Bed (Cannie Shapiro, #1)",3.7,248804,https://images.gr-assets.com/books/1327936464m/14748.jpg
331,Richelle Mead,2007,"Vampire Academy (Vampire Academy, #1)",4.14,248283,https://images.gr-assets.com/books/1361098973m/345627.jpg
332,"L. Frank Baum, W.W. Denslow",1900,"The Wonderful Wizard of Oz (Oz, #1)",3.98,247521,https://images.gr-assets.com/books/1398003737m/236093.jpg
333,Wally Lamb,1998,I Know This Much Is True,4.17,246917,https://images.gr-assets.com/books/1373532198m/227711.jpg
334,Jack Kerouac,1955,On the Road,3.64,246602,https://images.gr-assets.com/books/1413588576m/70401.jpg
335,"Roald Dahl, Quentin Blake",1982,The BFG,4.22,245855,https://images.gr-assets.com/books/1327872673m/6319.jpg
336,Patrick Rothfuss,2011,"The Wise Man's Fear (The Kingkiller Chronicle, #2)",4.57,245686,https://images.gr-assets.com/books/1452624392m/1215032.jpg
337,Janet Fitch,1999,White Oleander,3.93,245674,https://images.gr-assets.com/books/1501159524m/32234.jpg
338,"Margaret Wise Brown, Clement Hurd",1947,Goodnight Moon,4.27,244842,https://s.gr-assets.com/assets/nophoto/book/111x148-bcc042a9c91a29c1d680899eff700a03.png
339,"Ayn Rand, Leonard Peikoff",1943,The Fountainhead,3.85,244545,https://images.gr-assets.com/books/1491163636m/2122.jpg
340,M.L. Stedman,2012,The Light Between Oceans,4,243526,https://images.gr-assets.com/books/1336683021m/13158800.jpg
341,"Arthur Miller, Christopher Bigsby",1953,The Crucible,3.55,242980,https://images.gr-assets.com/books/1447764813m/17250.jpg
342,Philip Pullman,1997,"The Subtle Knife (His Dark Materials, #2)",4.1,242503,https://images.gr-assets.com/books/1451271814m/119324.jpg
343,"Randy Pausch, Jeffrey Zaslow",2008,The Last Lecture,4.25,241869,https://images.gr-assets.com/books/1388075896m/2318271.jpg
344,Rhonda Byrne,2006,"The Secret (The Secret, #1)",3.62,241537,https://images.gr-assets.com/books/1482865039m/52529.jpg
345,"Homer, Robert Fagles, Fr√©d√©ric Mugler, Bernard Knox",-750,The Iliad,3.83,241088,https://s.gr-assets.com/assets/nophoto/book/111x148-bcc042a9c91a29c1d680899eff700a03.png
346,Kurt Vonnegut Jr.,1963,Cat's Cradle,4.18,238940,https://images.gr-assets.com/books/1327867150m/135479.jpg
347,William Shakespeare,1603,Othello,3.88,238875,https://images.gr-assets.com/books/1459795105m/12996.jpg
348,Neil Gaiman,1999,Stardust,4.07,237602,https://images.gr-assets.com/books/1459127484m/16793.jpg
349,Jerry Spinelli,2000,"Stargirl (Stargirl, #1)",3.74,237560,https://images.gr-assets.com/books/1335947642m/22232.jpg
350,"Spencer Johnson, Kenneth H. Blanchard",1998,Who Moved My Cheese?,3.74,237272,https://s.gr-assets.com/assets/nophoto/book/111x148-bcc042a9c91a29c1d680899eff700a03.png
351,"John Green, David Levithan",2010,"Will Grayson, Will Grayson",3.84,236431,https://images.gr-assets.com/books/1368393890m/6567017.jpg
352,Scott O'Dell,1960,"Island of the Blue Dolphins (Island of the Blue Dolphins, #1)",3.8,236015,https://images.gr-assets.com/books/1475166260m/233818.jpg
353,Jodi Picoult,2007,Nineteen Minutes,4.1,235978,https://s.gr-assets.com/assets/nophoto/book/111x148-bcc042a9c91a29c1d680899eff700a03.png
354,Kiera Cass,2013,"The Elite (The Selection, #2)",4.02,234247,https://images.gr-assets.com/books/1391454595m/16248068.jpg
355,James Patterson,2001,"1st to Die (Women's Murder Club, #1)",4.05,233984,https://s.gr-assets.com/assets/nophoto/book/111x148-bcc042a9c91a29c1d680899eff700a03.png
356,Toni Morrison,1987,Beloved,3.77,233825,https://s.gr-assets.com/assets/nophoto/book/111x148-bcc042a9c91a29c1d680899eff700a03.png
357,Rick Riordan,2010,"The Red Pyramid (Kane Chronicles, #1)",4.06,232791,https://images.gr-assets.com/books/1366227978m/7090447.jpg
358,"Hunter S. Thompson, Ralph Steadman",1971,Fear and Loathing in Las Vegas,4.08,232489,https://images.gr-assets.com/books/1394204569m/7745.jpg
359,Liane Moriarty,2013,The Husband's Secret,3.92,232106,https://images.gr-assets.com/books/1460577225m/17802724.jpg
360,Richelle Mead,2009,"Blood Promise (Vampire Academy, #4)",4.35,231853,https://images.gr-assets.com/books/1442530605m/5996153.jpg
361,J.K. Rowling,2012,The Casual Vacancy,3.28,231835,https://images.gr-assets.com/books/1358266832m/13497818.jpg
362,"Charles Dickens, George Cruikshank, Philip Horne",1838,Oliver Twist,3.85,230181,https://images.gr-assets.com/books/1327868529m/18254.jpg
363,Alyson Noel,2009,"Evermore (The Immortals, #1)",3.59,230031,https://images.gr-assets.com/books/1362336360m/3975774.jpg
364,Stephen King,1975,'Salem's Lot,3.99,228680,https://images.gr-assets.com/books/1327891565m/11590.jpg
365,R.J. Palacio,2012,Wonder,4.43,228538,https://images.gr-assets.com/books/1309285027m/11387515.jpg
366,"Todd Burpo, Lynn Vincent",2010,Heaven is for Real: A Little Boy's Astounding Story of His Trip to Heaven and Back,4.01,228371,https://s.gr-assets.com/assets/nophoto/book/111x148-bcc042a9c91a29c1d680899eff700a03.png
367,J.R. Ward,2005,"Dark Lover (Black Dagger Brotherhood, #1)",4.21,227021,https://images.gr-assets.com/books/1429676285m/42899.jpg
368,John Irving,1989,A Prayer for Owen Meany,4.22,226964,https://images.gr-assets.com/books/1260470010m/4473.jpg
369,Deborah Harkness,2011,"A Discovery of Witches (All Souls Trilogy, #1)",3.99,226622,https://images.gr-assets.com/books/1322168805m/8667848.jpg
370,Dr. Seuss,1971,The Lorax,4.35,226564,https://images.gr-assets.com/books/1327879938m/7784.jpg
371,Becca Fitzpatrick,2010,"Crescendo (Hush, Hush, #2)",4.07,226237,https://images.gr-assets.com/books/1362408146m/7791997.jpg
372,Christina Baker Kline,2013,Orphan Train,4.14,226091,https://images.gr-assets.com/books/1362409483m/15818107.jpg
373,Richelle Mead,2010,"Spirit Bound (Vampire Academy, #5)",4.37,224247,https://images.gr-assets.com/books/1291168967m/6479259.jpg
374,Jack London,1903,The Call of the Wild,3.83,223932,https://images.gr-assets.com/books/1452291694m/1852.jpg
375,"Philip K. Dick, Roger Zelazny",1968,Do Androids Dream of Electric Sheep?,4.08,223828,https://images.gr-assets.com/books/1435458683m/7082.jpg
376,James Dashner,2011,"The Death Cure (Maze Runner, #3)",3.77,223674,https://images.gr-assets.com/books/1303997647m/7864437.jpg
377,"Robert Louis Stevenson, Vladimir Nabokov, Mervyn Peake, Dan Chaon",1886,The Strange Case of Dr. Jekyll and Mr. Hyde,3.79,223535,https://images.gr-assets.com/books/1318116526m/51496.jpg
378,Lisa Genova,2007,Still Alice,4.3,223432,https://s.gr-assets.com/assets/nophoto/book/111x148-bcc042a9c91a29c1d680899eff700a03.png
379,David Nicholls,2009,One Day,3.77,222926,https://images.gr-assets.com/books/1327873020m/6280118.jpg
380,Douglas Adams,1996,The Ultimate Hitchhiker's Guide to the Galaxy,4.37,222842,https://images.gr-assets.com/books/1404613595m/13.jpg
381,John Grisham,1996,The Runaway Jury,3.96,222712,https://s.gr-assets.com/assets/nophoto/book/111x148-bcc042a9c91a29c1d680899eff700a03.png
382,Sylvia Day,2012,"Bared to You (Crossfire, #1)",4.19,222678,https://images.gr-assets.com/books/1477803272m/13572249.jpg
383,Gary Paulsen,1986,"Hatchet (Brian's Saga, #1)",3.68,222553,https://s.gr-assets.com/assets/nophoto/book/111x148-bcc042a9c91a29c1d680899eff700a03.png
384,"Roald Dahl, Quentin Blake",1983,The Witches,4.17,221431,https://images.gr-assets.com/books/1351707720m/6327.jpg
385,Jodi Picoult,1998,The Pact,4,221225,https://images.gr-assets.com/books/1410754561m/10916.jpg
386,Robert A. Heinlein,1961,Stranger in a Strange Land,3.91,220301,https://images.gr-assets.com/books/1156897088m/350.jpg
387,Lauren Oliver,2010,Before I Fall,3.92,220160,https://images.gr-assets.com/books/1361044695m/6482837.jpg
388,Betty Edwards,1979,The New Drawing on the Right Side of the Brain,3.84,218264,https://s.gr-assets.com/assets/nophoto/book/111x148-bcc042a9c91a29c1d680899eff700a03.png
389,David McCullough,2001,John Adams,4.05,215780,https://images.gr-assets.com/books/1478144278m/2203.jpg
390,Maria Semple,2012,"Where'd You Go, Bernadette",3.9,215453,https://images.gr-assets.com/books/1338822317m/13526165.jpg
391,"Malala Yousafzai, Christina Lamb",2012,I Am Malala: The Story of the Girl Who Stood Up for Education and Was Shot by the Taliban,4.06,214412,https://images.gr-assets.com/books/1375414895m/17851885.jpg
392,Diane Setterfield,2006,The Thirteenth Tale,3.95,213200,https://images.gr-assets.com/books/1346267826m/40440.jpg
393,Christopher Paolini,2008,"Brisingr (The Inheritance Cycle, #3)",4.03,211645,https://s.gr-assets.com/assets/nophoto/book/111x148-bcc042a9c91a29c1d680899eff700a03.png
394,"Alan Moore, David   Lloyd",1990,V for Vendetta,4.25,210682,https://images.gr-assets.com/books/1343668985m/5805.jpg
395,Oscar Wilde,1895,The Importance of Being Earnest,4.17,210630,https://s.gr-assets.com/assets/nophoto/book/111x148-bcc042a9c91a29c1d680899eff700a03.png
396,Brandon Sanderson,2006,"The Final Empire (Mistborn, #1)",4.43,208944,https://images.gr-assets.com/books/1480717416m/68428.jpg
397,Billie Letts,1995,Where the Heart Is,4,208333,https://images.gr-assets.com/books/1327959469m/5168.jpg
398,Gillian Flynn,2006,Sharp Objects,3.92,207889,https://images.gr-assets.com/books/1423241485m/66559.jpg
399,"A.A. Milne, Ernest H. Shepard",1926,"Winnie-the-Pooh (Winnie-the-Pooh, #1)",4.34,207550,https://s.gr-assets.com/assets/nophoto/book/111x148-bcc042a9c91a29c1d680899eff700a03.png
400,Fannie Flagg,1987,Fried Green Tomatoes at the Whistle Stop Cafe,4.26,207508,https://s.gr-assets.com/assets/nophoto/book/111x148-bcc042a9c91a29c1d680899eff700a03.png
401,Richelle Mead,2010,"Last Sacrifice (Vampire Academy, #6)",4.42,206792,https://images.gr-assets.com/books/1319850978m/6527740.jpg
402,Dean Koontz,2003,"Odd Thomas (Odd Thomas, #1)",3.94,205986,https://s.gr-assets.com/assets/nophoto/book/111x148-bcc042a9c91a29c1d680899eff700a03.png
403,"P.C. Cast, Kristin Cast",2007,"Betrayed (House of Night, #2)",3.93,205340,https://s.gr-assets.com/assets/nophoto/book/111x148-bcc042a9c91a29c1d680899eff700a03.png
404,"Milan Kundera, Michael Henry Heim",1984,The Unbearable Lightness of Being,4.08,205279,https://images.gr-assets.com/books/1265401884m/9717.jpg
405,"Jane Austen, Alfred MacAdam",1817,Northanger Abbey,3.8,205167,https://s.gr-assets.com/assets/nophoto/book/111x148-bcc042a9c91a29c1d680899eff700a03.png
406,"Jane Austen, Kathryn Sutherland, Tony Tanner, Claire Lamont",1814,Mansfield Park,3.84,205064,https://images.gr-assets.com/books/1397063295m/45032.jpg
407,Jim Butcher,2000,"Storm Front (The Dresden Files, #1)",4.02,203053,https://images.gr-assets.com/books/1419456275m/47212.jpg
408,Sarah Dessen,2006,Just Listen,4.06,202180,https://images.gr-assets.com/books/1358270741m/51738.jpg
409,Susan Cain,2012,Quiet: The Power of Introverts in a World That Can't Stop Talking,4.04,202135,https://images.gr-assets.com/books/1328562861m/8520610.jpg
410,Arthur Conan Doyle,1887,A Study in Scarlet,4.15,201499,https://s.gr-assets.com/assets/nophoto/book/111x148-bcc042a9c91a29c1d680899eff700a03.png
411,David Sedaris,1997,Naked,4.08,201337,https://images.gr-assets.com/books/1394178867m/4138.jpg
412,Sophie Kinsella,2005,The Undomestic Goddess,3.82,200509,https://s.gr-assets.com/assets/nophoto/book/111x148-bcc042a9c91a29c1d680899eff700a03.png
413,"Umberto Eco, William Weaver, Se√°n Barrett",1980,The Name of the Rose,4.11,200217,https://images.gr-assets.com/books/1415375471m/119073.jpg